{     
    "a":          { "attributes": ["href", "hreflang", "media", "rel", "target", "type"] },
    "abbr":       { "attributes": [] },
    "address":    { "attributes": [] },
    "area":       { "attributes": ["alt", "coords", "href", "hreflang", "media", "rel", "shape", "target", "type"] },
    "article":    { "attributes": [] },
    "aside":      { "attributes": [] },
    "audio":      { "attributes": ["autoplay", "controls", "loop", "mediagroup", "muted", "preload", "src"] },
    "b":          { "attributes": [] },
    "base":       { "attributes": ["href", "target"] },
    "bdi":        { "attributes": [] },
    "bdo":        { "attributes": [] },
    "big":        { "attributes": [] },
    "blockquote": { "attributes": ["cite"] },
    "body":       { "attributes": ["onafterprint", "onbeforeprint", "onbeforeunload", "onhashchange", "onmessage", "onoffline", "ononline",
                                   "onpagehide", "onpageshow", "onpopstate", "onredo", "onresize", "onstorage", "onundo", "onunload"] },
    "br":         { "attributes": [] },
    "button":     { "attributes": ["autofocus", "disabled", "form", "formaction", "formenctype", "formmethod", "formnovalidate", "formtarget", 
                                   "name", "type", "value"] },
    "canvas":     { "attributes": ["height", "width"] },
    "caption":    { "attributes": [] },
    "cite":       { "attributes": [] },
    "code":       { "attributes": [] },
    "col":        { "attributes": ["span"] },
    "colgroup":   { "attributes": ["span"] },
    "command":    { "attributes": ["checked", "disabled", "icon", "label", "radiogroup", "type"] },
    "datalist":   { "attributes": [] },
    "dd":         { "attributes": [] },
    "del":        { "attributes": ["cite", "datetime"] },
    "details":    { "attributes": ["open"] },
    "dfn":        { "attributes": [] },
    "div":        { "attributes": [] },
    "dl":         { "attributes": [] },
    "dt":         { "attributes": [] },
    "em":         { "attributes": [] },
    "embed":      { "attributes": ["height", "src", "type", "width"] },
    "fieldset":   { "attributes": ["disabled", "form", "name"] },
    "figcaption": { "attributes": [] },
    "figure":     { "attributes": [] },
    "footer":     { "attributes": [] },
    "form":       { "attributes": ["accept-charset", "action", "autocomplete", "enctype", "method", "name", "novalidate", "target"] },
    "h1":         { "attributes": [] },
    "h2":         { "attributes": [] },
    "h3":         { "attributes": [] },
    "h4":         { "attributes": [] },
    "h5":         { "attributes": [] },
    "h6":         { "attributes": [] },
    "head":       { "attributes": [] },
    "header":     { "attributes": [] },
    "hgroup":     { "attributes": [] },
    "hr":         { "attributes": [] },
    "html":       { "attributes": ["manifest", "xml:lang", "xmlns"] },
    "i":          { "attributes": [] },
    "iframe":     { "attributes": ["height", "name", "sandbox", "seamless", "src", "srcdoc", "width"] },
    "ilayer":     { "attributes": [] },
    "img":        { "attributes": ["alt", "height", "ismap", "longdesc", "src", "usemap", "width"] },
    "input":      { "attributes": ["accept", "alt", "autocomplete", "autofocus", "checked", "dirname", "disabled", "form", "formaction", "formenctype", "formmethod", 
                                   "formnovalidate", "formtarget", "height", "list", "max", "maxlength", "min", "multiple", "name", "pattern", "placeholder", "readonly", 
                                   "required", "size", "src", "step", "type", "value", "width"] },
    "ins":        { "attributes": ["cite", "datetime"] },
    "kbd":        { "attributes": [] },
    "keygen":     { "attributes": ["autofocus", "challenge", "disabled", "form", "keytype", "name"] },
    "label":      { "attributes": ["for", "form"] },
    "legend":     { "attributes": [] },
    "li":         { "attributes": ["value"] },
    "link":       { "attributes": ["disabled", "href", "hreflang", "media", "rel", "sizes", "type"] },
    "map":        { "attributes": ["name"] },
    "mark":       { "attributes": [] },
    "marquee":    { "attributes": ["align", "behavior", "bgcolor", "direction", "height", "hspace", "loop", "scrollamount", "scrolldelay", "truespeed", "vspace", "width"] },
    "menu":       { "attributes": ["label", "type"] },
    "meta":       { "attributes": ["charset", "content", "http-equiv", "name"] },
    "meter":      { "attributes": ["form", "high", "low", "max", "min", "optimum", "value"] },
    "nav":        { "attributes": [] },
    "noscript":   { "attributes": [] },
    "object":     { "attributes": ["archive", "codebase", "codetype", "data", "declare", "form", "height", "name", "standby", "type", "usemap", "width"] },
    "ol":         { "attributes": ["reversed", "start", "type"] },
    "optgroup":   { "attributes": ["disabled", "label"] },
    "option":     { "attributes": ["disabled", "label", "selected", "value"] },
    "output":     { "attributes": ["for", "form", "name"] },
    "p":          { "attributes": [] },
    "param":      { "attributes": ["name", "value"] },
    "pre":        { "attributes": [] },
    "progress":   { "attributes": ["form", "max", "value"] },
    "q":          { "attributes": ["cite"] },
    "rp":         { "attributes": [] },
    "rt":         { "attributes": [] },
    "ruby":       { "attributes": [] },
    "samp":       { "attributes": [] },
    "script":     { "attributes": ["async", "charset", "defer", "src", "type"] },
    "section":    { "attributes": [] },
    "select":     { "attributes": ["autofocus", "disabled", "form", "multiple", "name", "required", "size"] },
    "small":      { "attributes": [] },
    "source":     { "attributes": ["media", "src", "type"] },
    "span":       { "attributes": [] },
    "strong":     { "attributes": [] },
    "style":      { "attributes": ["disabled", "media", "scoped", "type"] },
    "sub":        { "attributes": [] },
    "summary":    { "attributes": [] },
    "sup":        { "attributes": [] },
    "table":      { "attributes": ["border"] },
    "tbody":      { "attributes": [] },
    "td":         { "attributes": ["colspan", "headers", "rowspan"] },
    "textarea":   { "attributes": ["autofocus", "cols", "dirname", "disabled", "form", "label", "maxlength", "name", "placeholder", "readonly", "required", "rows", "wrap"] },
    "tfoot":      { "attributes": [] },
    "th":         { "attributes": ["colspan", "headers", "rowspan", "scope"] },
    "thead":      { "attributes": [] },
    "time":       { "attributes": ["datetime", "pubdate"] },
    "title":      { "attributes": [] },
    "tr":         { "attributes": [] },
    "track":      { "attributes": ["default", "kind", "label", "src", "srclang"] },
    "tt":         { "attributes": [] },
    "ul":         { "attributes": [] },
    "var":        { "attributes": [] },
    "video":      { "attributes": ["autoplay", "controls", "height", "loop", "mediagroup", "muted", "poster", "preload", "src", "width"] },
    "wbr":        { "attributes": [] }
}