[ {
    "description": "",
    "devtoolsFrontendUrl": "/devtools/devtools.html?ws=localhost:9222/devtools/page/8BAEBB41-E449-348B-477A-9423C39DC01F",
    "faviconUrl": "",
    "id": "8BAEBB41-E449-348B-477A-9423C39DC01F",
    "thumbnailUrl": "/thumb/8BAEBB41-E449-348B-477A-9423C39DC01F",
    "title": "New Tab",
    "type": "page",
    "url": "http://localhost:9222/json",
    "webSocketDebuggerUrl": "ws://localhost:9222/devtools/page/8BAEBB41-E449-348B-477A-9423C39DC01F"
}, {
    "description": "",
    "faviconUrl": "",
    "id": "C42D3306-7E65-787B-25E3-253873D74DFE",
    "thumbnailUrl": "/thumb/C42D3306-7E65-787B-25E3-253873D74DFE",
    "title": "GETTING STARTED WITH BRACKETS",
    "type": "page",
    "url": "http://127.0.0.1:60883/index.html"
}, {
    "description": "",
    "devtoolsFrontendUrl": "/devtools/devtools.html?ws=localhost:9222/devtools/page/821BBB42-89F7-0D4C-FACE-AACA984EC350",
    "faviconUrl": "https://www.google.com.au/favicon.ico",
    "id": "821BBB42-89F7-0D4C-FACE-AACA984EC350",
    "thumbnailUrl": "/thumb/821BBB42-89F7-0D4C-FACE-AACA984EC350",
    "title": "New Tab",
    "type": "other",
    "url": "https://www.google.com.au/webhp?sourceid=chrome-instant&espv=205&es_sm=91&ie=UTF-8",
    "webSocketDebuggerUrl": "ws://localhost:9222/devtools/page/821BBB42-89F7-0D4C-FACE-AACA984EC350"
}, {
    "description": "",
    "devtoolsFrontendUrl": "/devtools/devtools.html?ws=localhost:9222/devtools/page/E7D89304-3ED4-07E5-7022-9936D3016EFC",
    "faviconUrl": "https://www.google.com.au/favicon.ico",
    "id": "E7D89304-3ED4-07E5-7022-9936D3016EFC",
    "thumbnailUrl": "/thumb/E7D89304-3ED4-07E5-7022-9936D3016EFC",
    "title": "New Tab",
    "type": "other",
    "url": "https://www.google.com.au/webhp?sourceid=chrome-instant&espv=205&es_sm=91&ie=UTF-8",
    "webSocketDebuggerUrl": "ws://localhost:9222/devtools/page/E7D89304-3ED4-07E5-7022-9936D3016EFC"
} ]