{
    "config"                :
    {
        "app_title"         : "Brackets",
        "app_name_about"    : "Brackets",
        "about_icon"        : "styles/images/brackets_icon.svg",
        "update_info_url"   : "http://dev.brackets.io/updates/stable/",
        "how_to_use_url"    : "https://github.com/adobe/brackets/wiki/How-to-Use-Brackets",
        "forum_url"         : "https://groups.google.com/forum/?fromgroups#!forum/brackets-dev",
        "release_notes_url" : "https://github.com/adobe/brackets/wiki/Release-Notes",
        "report_issue_url"  : "https://github.com/adobe/brackets/wiki/How-to-Report-an-Issue",
        "twitter_url"       : "https://twitter.com/brackets",
        "troubleshoot_url"  : "https://github.com/adobe/brackets/wiki/Troubleshooting#wiki-livedev",
        "twitter_name"      : "@brackets",
        "contributors_url"  : "https://api.github.com/repos/adobe/brackets/contributors",
        "extension_wiki_url": "https://github.com/adobe/brackets/wiki/Brackets-Extensions"
    }
}